{"cameraMode":{"drawMode":0,"name":"Shaded","section":"Shading Mode"},"sceneLighting":false,"audioPlay":false,"sceneViewState":{"m_AlwaysRefresh":false,"showFog":true,"showSkybox":false,"showFlares":true,"showImageEffects":true,"showParticleSystems":true,"showVisualEffectGraphs":true,"m_FxEnabled":true},"in2DMode":false,"pivot":{"x":14.187267303466797,"y":0.4637618064880371,"z":5.192600250244141},"rotation":{"x":-0.008271626196801663,"y":0.9916852712631226,"z":-0.09549548476934433,"w":-0.08589934557676316},"size":0.822386622428894,"orthographic":true}